[
{
    "model": "admin.logentry",
    "pk": 1,
    "fields": {
        "action_time": "2024-05-19T16:45:21.578Z",
        "user": 1,
        "content_type": 15,
        "object_id": "1",
        "object_repr": "100",
        "action_flag": 1,
        "change_message": "[{\"added\": {}}]"
    }
},
{
    "model": "admin.logentry",
    "pk": 2,
    "fields": {
        "action_time": "2024-05-19T16:45:44.169Z",
        "user": 1,
        "content_type": 15,
        "object_id": "2",
        "object_repr": "500",
        "action_flag": 1,
        "change_message": "[{\"added\": {}}]"
    }
},
{
    "model": "admin.logentry",
    "pk": 3,
    "fields": {
        "action_time": "2024-05-19T16:45:51.061Z",
        "user": 1,
        "content_type": 15,
        "object_id": "1",
        "object_repr": "100",
        "action_flag": 2,
        "change_message": "[{\"changed\": {\"fields\": [\"Max prospective clients\", \"Max clients\"]}}]"
    }
},
{
    "model": "admin.logentry",
    "pk": 4,
    "fields": {
        "action_time": "2024-05-19T16:46:06.925Z",
        "user": 1,
        "content_type": 15,
        "object_id": "3",
        "object_repr": "1000",
        "action_flag": 1,
        "change_message": "[{\"added\": {}}]"
    }
},
{
    "model": "admin.logentry",
    "pk": 5,
    "fields": {
        "action_time": "2024-05-19T16:46:20.581Z",
        "user": 1,
        "content_type": 14,
        "object_id": "1",
        "object_repr": "Team name",
        "action_flag": 2,
        "change_message": "[{\"changed\": {\"fields\": [\"\\u0414\\u043e\\u0441\\u0442\\u0443\\u043f \\u043a \\u043a\\u043b\\u0438\\u0435\\u043d\\u0442\\u0430\\u043c\", \"\\u0423\\u0447\\u0430\\u0441\\u0442\\u043d\\u0438\\u043a\\u0438\"]}}]"
    }
},
{
    "model": "admin.logentry",
    "pk": 6,
    "fields": {
        "action_time": "2024-05-19T16:46:29.221Z",
        "user": 1,
        "content_type": 14,
        "object_id": "1",
        "object_repr": "root team",
        "action_flag": 2,
        "change_message": "[{\"changed\": {\"fields\": [\"\\u041d\\u0430\\u0437\\u0432\\u0430\\u043d\\u0438\\u0435\"]}}]"
    }
},
{
    "model": "admin.logentry",
    "pk": 7,
    "fields": {
        "action_time": "2024-05-19T16:48:11.174Z",
        "user": 1,
        "content_type": 4,
        "object_id": "3",
        "object_repr": "Katinon",
        "action_flag": 1,
        "change_message": "[{\"added\": {}}]"
    }
},
{
    "model": "admin.logentry",
    "pk": 8,
    "fields": {
        "action_time": "2024-05-19T16:48:38.298Z",
        "user": 1,
        "content_type": 4,
        "object_id": "4",
        "object_repr": "Rana",
        "action_flag": 1,
        "change_message": "[{\"added\": {}}]"
    }
},
{
    "model": "admin.logentry",
    "pk": 9,
    "fields": {
        "action_time": "2024-05-19T16:49:26.489Z",
        "user": 1,
        "content_type": 4,
        "object_id": "5",
        "object_repr": "Xannabe",
        "action_flag": 1,
        "change_message": "[{\"added\": {}}]"
    }
},
{
    "model": "admin.logentry",
    "pk": 10,
    "fields": {
        "action_time": "2024-05-19T16:49:45.754Z",
        "user": 1,
        "content_type": 4,
        "object_id": "6",
        "object_repr": "Vendy",
        "action_flag": 1,
        "change_message": "[{\"added\": {}}]"
    }
},
{
    "model": "admin.logentry",
    "pk": 11,
    "fields": {
        "action_time": "2024-05-19T16:49:53.671Z",
        "user": 1,
        "content_type": 4,
        "object_id": "7",
        "object_repr": "Eymonza",
        "action_flag": 1,
        "change_message": "[{\"added\": {}}]"
    }
},
{
    "model": "admin.logentry",
    "pk": 12,
    "fields": {
        "action_time": "2024-05-19T16:50:07.276Z",
        "user": 1,
        "content_type": 4,
        "object_id": "8",
        "object_repr": "Quardo",
        "action_flag": 1,
        "change_message": "[{\"added\": {}}]"
    }
},
{
    "model": "admin.logentry",
    "pk": 13,
    "fields": {
        "action_time": "2024-05-19T16:50:25.788Z",
        "user": 1,
        "content_type": 4,
        "object_id": "9",
        "object_repr": "Ezekelse",
        "action_flag": 1,
        "change_message": "[{\"added\": {}}]"
    }
},
{
    "model": "admin.logentry",
    "pk": 14,
    "fields": {
        "action_time": "2024-05-19T16:50:34.533Z",
        "user": 1,
        "content_type": 4,
        "object_id": "10",
        "object_repr": "Lise",
        "action_flag": 1,
        "change_message": "[{\"added\": {}}]"
    }
},
{
    "model": "admin.logentry",
    "pk": 15,
    "fields": {
        "action_time": "2024-05-19T16:51:35.681Z",
        "user": 1,
        "content_type": 14,
        "object_id": "2",
        "object_repr": "team 100 members",
        "action_flag": 1,
        "change_message": "[{\"added\": {}}]"
    }
},
{
    "model": "admin.logentry",
    "pk": 16,
    "fields": {
        "action_time": "2024-05-19T16:51:49.437Z",
        "user": 1,
        "content_type": 14,
        "object_id": "3",
        "object_repr": "Team 500 members",
        "action_flag": 1,
        "change_message": "[{\"added\": {}}]"
    }
},
{
    "model": "admin.logentry",
    "pk": 17,
    "fields": {
        "action_time": "2024-05-19T16:52:06.093Z",
        "user": 1,
        "content_type": 14,
        "object_id": "4",
        "object_repr": "Team 1000 members",
        "action_flag": 1,
        "change_message": "[{\"added\": {}}]"
    }
},
{
    "model": "admin.logentry",
    "pk": 18,
    "fields": {
        "action_time": "2024-05-19T16:52:38.114Z",
        "user": 1,
        "content_type": 7,
        "object_id": "2",
        "object_repr": "UserProfile object (2)",
        "action_flag": 1,
        "change_message": "[{\"added\": {}}]"
    }
},
{
    "model": "admin.logentry",
    "pk": 19,
    "fields": {
        "action_time": "2024-05-19T16:53:01.810Z",
        "user": 1,
        "content_type": 7,
        "object_id": "3",
        "object_repr": "UserProfile object (3)",
        "action_flag": 1,
        "change_message": "[{\"added\": {}}]"
    }
},
{
    "model": "admin.logentry",
    "pk": 20,
    "fields": {
        "action_time": "2024-05-19T16:53:05.842Z",
        "user": 1,
        "content_type": 7,
        "object_id": "4",
        "object_repr": "UserProfile object (4)",
        "action_flag": 1,
        "change_message": "[{\"added\": {}}]"
    }
},
{
    "model": "admin.logentry",
    "pk": 21,
    "fields": {
        "action_time": "2024-05-19T16:53:23.470Z",
        "user": 1,
        "content_type": 7,
        "object_id": "5",
        "object_repr": "UserProfile object (5)",
        "action_flag": 1,
        "change_message": "[{\"added\": {}}]"
    }
},
{
    "model": "admin.logentry",
    "pk": 22,
    "fields": {
        "action_time": "2024-05-19T16:53:27.662Z",
        "user": 1,
        "content_type": 7,
        "object_id": "6",
        "object_repr": "UserProfile object (6)",
        "action_flag": 1,
        "change_message": "[{\"added\": {}}]"
    }
},
{
    "model": "admin.logentry",
    "pk": 23,
    "fields": {
        "action_time": "2024-05-19T16:53:34.429Z",
        "user": 1,
        "content_type": 7,
        "object_id": "7",
        "object_repr": "UserProfile object (7)",
        "action_flag": 1,
        "change_message": "[{\"added\": {}}]"
    }
},
{
    "model": "admin.logentry",
    "pk": 24,
    "fields": {
        "action_time": "2024-05-19T16:53:53.805Z",
        "user": 1,
        "content_type": 7,
        "object_id": "8",
        "object_repr": "UserProfile object (8)",
        "action_flag": 1,
        "change_message": "[{\"added\": {}}]"
    }
},
{
    "model": "admin.logentry",
    "pk": 25,
    "fields": {
        "action_time": "2024-05-19T16:53:58.464Z",
        "user": 1,
        "content_type": 7,
        "object_id": "9",
        "object_repr": "UserProfile object (9)",
        "action_flag": 1,
        "change_message": "[{\"added\": {}}]"
    }
},
{
    "model": "admin.logentry",
    "pk": 26,
    "fields": {
        "action_time": "2024-05-19T16:54:04.557Z",
        "user": 1,
        "content_type": 7,
        "object_id": "10",
        "object_repr": "UserProfile object (10)",
        "action_flag": 1,
        "change_message": "[{\"added\": {}}]"
    }
},
{
    "model": "admin.logentry",
    "pk": 27,
    "fields": {
        "action_time": "2024-05-19T16:54:36.158Z",
        "user": 1,
        "content_type": 14,
        "object_id": "2",
        "object_repr": "team 100 members",
        "action_flag": 2,
        "change_message": "[{\"changed\": {\"fields\": [\"\\u0423\\u0447\\u0430\\u0441\\u0442\\u043d\\u0438\\u043a\\u0438\"]}}]"
    }
},
{
    "model": "admin.logentry",
    "pk": 28,
    "fields": {
        "action_time": "2024-05-19T16:54:39.602Z",
        "user": 1,
        "content_type": 14,
        "object_id": "3",
        "object_repr": "Team 500 members",
        "action_flag": 2,
        "change_message": "[{\"changed\": {\"fields\": [\"\\u0423\\u0447\\u0430\\u0441\\u0442\\u043d\\u0438\\u043a\\u0438\"]}}]"
    }
},
{
    "model": "admin.logentry",
    "pk": 29,
    "fields": {
        "action_time": "2024-05-19T16:54:44.235Z",
        "user": 1,
        "content_type": 14,
        "object_id": "4",
        "object_repr": "Team 1000 members",
        "action_flag": 2,
        "change_message": "[{\"changed\": {\"fields\": [\"\\u0423\\u0447\\u0430\\u0441\\u0442\\u043d\\u0438\\u043a\\u0438\"]}}]"
    }
},
{
    "model": "admin.logentry",
    "pk": 30,
    "fields": {
        "action_time": "2024-05-19T17:02:41.133Z",
        "user": 1,
        "content_type": 14,
        "object_id": "1",
        "object_repr": "root team",
        "action_flag": 2,
        "change_message": "[{\"changed\": {\"fields\": [\"\\u0423\\u0447\\u0430\\u0441\\u0442\\u043d\\u0438\\u043a\\u0438\"]}}]"
    }
},
{
    "model": "admin.logentry",
    "pk": 31,
    "fields": {
        "action_time": "2024-05-19T17:03:19.570Z",
        "user": 1,
        "content_type": 9,
        "object_id": "5",
        "object_repr": "Katinon - @example",
        "action_flag": 1,
        "change_message": "[{\"added\": {}}]"
    }
},
{
    "model": "admin.logentry",
    "pk": 32,
    "fields": {
        "action_time": "2024-05-19T17:03:27.001Z",
        "user": 1,
        "content_type": 9,
        "object_id": "5",
        "object_repr": "Katinon - @example",
        "action_flag": 3,
        "change_message": ""
    }
},
{
    "model": "auth.permission",
    "pk": 1,
    "fields": {
        "name": "Can add log entry",
        "content_type": 1,
        "codename": "add_logentry"
    }
},
{
    "model": "auth.permission",
    "pk": 2,
    "fields": {
        "name": "Can change log entry",
        "content_type": 1,
        "codename": "change_logentry"
    }
},
{
    "model": "auth.permission",
    "pk": 3,
    "fields": {
        "name": "Can delete log entry",
        "content_type": 1,
        "codename": "delete_logentry"
    }
},
{
    "model": "auth.permission",
    "pk": 4,
    "fields": {
        "name": "Can view log entry",
        "content_type": 1,
        "codename": "view_logentry"
    }
},
{
    "model": "auth.permission",
    "pk": 5,
    "fields": {
        "name": "Can add permission",
        "content_type": 2,
        "codename": "add_permission"
    }
},
{
    "model": "auth.permission",
    "pk": 6,
    "fields": {
        "name": "Can change permission",
        "content_type": 2,
        "codename": "change_permission"
    }
},
{
    "model": "auth.permission",
    "pk": 7,
    "fields": {
        "name": "Can delete permission",
        "content_type": 2,
        "codename": "delete_permission"
    }
},
{
    "model": "auth.permission",
    "pk": 8,
    "fields": {
        "name": "Can view permission",
        "content_type": 2,
        "codename": "view_permission"
    }
},
{
    "model": "auth.permission",
    "pk": 9,
    "fields": {
        "name": "Can add group",
        "content_type": 3,
        "codename": "add_group"
    }
},
{
    "model": "auth.permission",
    "pk": 10,
    "fields": {
        "name": "Can change group",
        "content_type": 3,
        "codename": "change_group"
    }
},
{
    "model": "auth.permission",
    "pk": 11,
    "fields": {
        "name": "Can delete group",
        "content_type": 3,
        "codename": "delete_group"
    }
},
{
    "model": "auth.permission",
    "pk": 12,
    "fields": {
        "name": "Can view group",
        "content_type": 3,
        "codename": "view_group"
    }
},
{
    "model": "auth.permission",
    "pk": 13,
    "fields": {
        "name": "Can add user",
        "content_type": 4,
        "codename": "add_user"
    }
},
{
    "model": "auth.permission",
    "pk": 14,
    "fields": {
        "name": "Can change user",
        "content_type": 4,
        "codename": "change_user"
    }
},
{
    "model": "auth.permission",
    "pk": 15,
    "fields": {
        "name": "Can delete user",
        "content_type": 4,
        "codename": "delete_user"
    }
},
{
    "model": "auth.permission",
    "pk": 16,
    "fields": {
        "name": "Can view user",
        "content_type": 4,
        "codename": "view_user"
    }
},
{
    "model": "auth.permission",
    "pk": 17,
    "fields": {
        "name": "Can add content type",
        "content_type": 5,
        "codename": "add_contenttype"
    }
},
{
    "model": "auth.permission",
    "pk": 18,
    "fields": {
        "name": "Can change content type",
        "content_type": 5,
        "codename": "change_contenttype"
    }
},
{
    "model": "auth.permission",
    "pk": 19,
    "fields": {
        "name": "Can delete content type",
        "content_type": 5,
        "codename": "delete_contenttype"
    }
},
{
    "model": "auth.permission",
    "pk": 20,
    "fields": {
        "name": "Can view content type",
        "content_type": 5,
        "codename": "view_contenttype"
    }
},
{
    "model": "auth.permission",
    "pk": 21,
    "fields": {
        "name": "Can add session",
        "content_type": 6,
        "codename": "add_session"
    }
},
{
    "model": "auth.permission",
    "pk": 22,
    "fields": {
        "name": "Can change session",
        "content_type": 6,
        "codename": "change_session"
    }
},
{
    "model": "auth.permission",
    "pk": 23,
    "fields": {
        "name": "Can delete session",
        "content_type": 6,
        "codename": "delete_session"
    }
},
{
    "model": "auth.permission",
    "pk": 24,
    "fields": {
        "name": "Can view session",
        "content_type": 6,
        "codename": "view_session"
    }
},
{
    "model": "auth.permission",
    "pk": 25,
    "fields": {
        "name": "Can add Профиль пользователя",
        "content_type": 7,
        "codename": "add_userprofile"
    }
},
{
    "model": "auth.permission",
    "pk": 26,
    "fields": {
        "name": "Can change Профиль пользователя",
        "content_type": 7,
        "codename": "change_userprofile"
    }
},
{
    "model": "auth.permission",
    "pk": 27,
    "fields": {
        "name": "Can delete Профиль пользователя",
        "content_type": 7,
        "codename": "delete_userprofile"
    }
},
{
    "model": "auth.permission",
    "pk": 28,
    "fields": {
        "name": "Can view Профиль пользователя",
        "content_type": 7,
        "codename": "view_userprofile"
    }
},
{
    "model": "auth.permission",
    "pk": 29,
    "fields": {
        "name": "Can add Потенциальный клиент",
        "content_type": 8,
        "codename": "add_prospectiveclient"
    }
},
{
    "model": "auth.permission",
    "pk": 30,
    "fields": {
        "name": "Can change Потенциальный клиент",
        "content_type": 8,
        "codename": "change_prospectiveclient"
    }
},
{
    "model": "auth.permission",
    "pk": 31,
    "fields": {
        "name": "Can delete Потенциальный клиент",
        "content_type": 8,
        "codename": "delete_prospectiveclient"
    }
},
{
    "model": "auth.permission",
    "pk": 32,
    "fields": {
        "name": "Can view Потенциальный клиент",
        "content_type": 8,
        "codename": "view_prospectiveclient"
    }
},
{
    "model": "auth.permission",
    "pk": 33,
    "fields": {
        "name": "Can add Коментарий для потенциального клиента",
        "content_type": 9,
        "codename": "add_comment"
    }
},
{
    "model": "auth.permission",
    "pk": 34,
    "fields": {
        "name": "Can change Коментарий для потенциального клиента",
        "content_type": 9,
        "codename": "change_comment"
    }
},
{
    "model": "auth.permission",
    "pk": 35,
    "fields": {
        "name": "Can delete Коментарий для потенциального клиента",
        "content_type": 9,
        "codename": "delete_comment"
    }
},
{
    "model": "auth.permission",
    "pk": 36,
    "fields": {
        "name": "Can view Коментарий для потенциального клиента",
        "content_type": 9,
        "codename": "view_comment"
    }
},
{
    "model": "auth.permission",
    "pk": 37,
    "fields": {
        "name": "Can add Файл для потенциального клиента",
        "content_type": 10,
        "codename": "add_prospectiveclientfile"
    }
},
{
    "model": "auth.permission",
    "pk": 38,
    "fields": {
        "name": "Can change Файл для потенциального клиента",
        "content_type": 10,
        "codename": "change_prospectiveclientfile"
    }
},
{
    "model": "auth.permission",
    "pk": 39,
    "fields": {
        "name": "Can delete Файл для потенциального клиента",
        "content_type": 10,
        "codename": "delete_prospectiveclientfile"
    }
},
{
    "model": "auth.permission",
    "pk": 40,
    "fields": {
        "name": "Can view Файл для потенциального клиента",
        "content_type": 10,
        "codename": "view_prospectiveclientfile"
    }
},
{
    "model": "auth.permission",
    "pk": 41,
    "fields": {
        "name": "Can add Клиент",
        "content_type": 11,
        "codename": "add_client"
    }
},
{
    "model": "auth.permission",
    "pk": 42,
    "fields": {
        "name": "Can change Клиент",
        "content_type": 11,
        "codename": "change_client"
    }
},
{
    "model": "auth.permission",
    "pk": 43,
    "fields": {
        "name": "Can delete Клиент",
        "content_type": 11,
        "codename": "delete_client"
    }
},
{
    "model": "auth.permission",
    "pk": 44,
    "fields": {
        "name": "Can view Клиент",
        "content_type": 11,
        "codename": "view_client"
    }
},
{
    "model": "auth.permission",
    "pk": 45,
    "fields": {
        "name": "Can add Коментарий для клиента",
        "content_type": 12,
        "codename": "add_comment"
    }
},
{
    "model": "auth.permission",
    "pk": 46,
    "fields": {
        "name": "Can change Коментарий для клиента",
        "content_type": 12,
        "codename": "change_comment"
    }
},
{
    "model": "auth.permission",
    "pk": 47,
    "fields": {
        "name": "Can delete Коментарий для клиента",
        "content_type": 12,
        "codename": "delete_comment"
    }
},
{
    "model": "auth.permission",
    "pk": 48,
    "fields": {
        "name": "Can view Коментарий для клиента",
        "content_type": 12,
        "codename": "view_comment"
    }
},
{
    "model": "auth.permission",
    "pk": 49,
    "fields": {
        "name": "Can add Файл для клиента",
        "content_type": 13,
        "codename": "add_clientfile"
    }
},
{
    "model": "auth.permission",
    "pk": 50,
    "fields": {
        "name": "Can change Файл для клиента",
        "content_type": 13,
        "codename": "change_clientfile"
    }
},
{
    "model": "auth.permission",
    "pk": 51,
    "fields": {
        "name": "Can delete Файл для клиента",
        "content_type": 13,
        "codename": "delete_clientfile"
    }
},
{
    "model": "auth.permission",
    "pk": 52,
    "fields": {
        "name": "Can view Файл для клиента",
        "content_type": 13,
        "codename": "view_clientfile"
    }
},
{
    "model": "auth.permission",
    "pk": 53,
    "fields": {
        "name": "Can add Команда",
        "content_type": 14,
        "codename": "add_team"
    }
},
{
    "model": "auth.permission",
    "pk": 54,
    "fields": {
        "name": "Can change Команда",
        "content_type": 14,
        "codename": "change_team"
    }
},
{
    "model": "auth.permission",
    "pk": 55,
    "fields": {
        "name": "Can delete Команда",
        "content_type": 14,
        "codename": "delete_team"
    }
},
{
    "model": "auth.permission",
    "pk": 56,
    "fields": {
        "name": "Can view Команда",
        "content_type": 14,
        "codename": "view_team"
    }
},
{
    "model": "auth.permission",
    "pk": 57,
    "fields": {
        "name": "Can add Доступ к клиенту",
        "content_type": 15,
        "codename": "add_clientteamaccess"
    }
},
{
    "model": "auth.permission",
    "pk": 58,
    "fields": {
        "name": "Can change Доступ к клиенту",
        "content_type": 15,
        "codename": "change_clientteamaccess"
    }
},
{
    "model": "auth.permission",
    "pk": 59,
    "fields": {
        "name": "Can delete Доступ к клиенту",
        "content_type": 15,
        "codename": "delete_clientteamaccess"
    }
},
{
    "model": "auth.permission",
    "pk": 60,
    "fields": {
        "name": "Can view Доступ к клиенту",
        "content_type": 15,
        "codename": "view_clientteamaccess"
    }
},
{
    "model": "auth.user",
    "pk": 1,
    "fields": {
        "password": "pbkdf2_sha256$600000$hdBOFmSgn07QOVRnfchi4e$vZyY8NVy7TCDvimXISwz1/52/IQJGUfTqRsDQsSTvPI=",
        "last_login": "2024-05-19T17:05:05.585Z",
        "is_superuser": true,
        "username": "root",
        "first_name": "",
        "last_name": "",
        "email": "",
        "is_staff": true,
        "is_active": true,
        "date_joined": "2024-05-19T16:42:21.847Z",
        "groups": [],
        "user_permissions": []
    }
},
{
    "model": "auth.user",
    "pk": 2,
    "fields": {
        "password": "pbkdf2_sha256$600000$CFDZR0zEevVuD8iFB7iHen$GHGVWQwlGeHyV/mhpYg1CYV6FFQH2e1n8sN6JTs6ZLM=",
        "last_login": "2024-05-19T16:43:33.346Z",
        "is_superuser": false,
        "username": "root1",
        "first_name": "",
        "last_name": "",
        "email": "example@mail.com",
        "is_staff": false,
        "is_active": true,
        "date_joined": "2024-05-19T16:43:15.855Z",
        "groups": [],
        "user_permissions": []
    }
},
{
    "model": "auth.user",
    "pk": 3,
    "fields": {
        "password": "pbkdf2_sha256$600000$dYOqvd5nz0oBIqcnZBedHQ$2QEfjSs7GTpnro6+Zn1GlOL4wh3CMYVQhiuNQfzfbmU=",
        "last_login": "2024-05-19T17:01:38.084Z",
        "is_superuser": false,
        "username": "Katinon",
        "first_name": "",
        "last_name": "",
        "email": "",
        "is_staff": false,
        "is_active": true,
        "date_joined": "2024-05-19T16:48:10.860Z",
        "groups": [],
        "user_permissions": []
    }
},
{
    "model": "auth.user",
    "pk": 4,
    "fields": {
        "password": "pbkdf2_sha256$600000$VKwvA0zTWFtk6W0O7ugkMy$veZLOWiW9b1sCcznVeNqq1jygMja9VV5Zh6wg8NMHgc=",
        "last_login": null,
        "is_superuser": false,
        "username": "Rana",
        "first_name": "",
        "last_name": "",
        "email": "",
        "is_staff": false,
        "is_active": true,
        "date_joined": "2024-05-19T16:48:37.960Z",
        "groups": [],
        "user_permissions": []
    }
},
{
    "model": "auth.user",
    "pk": 5,
    "fields": {
        "password": "pbkdf2_sha256$600000$YIsSmcbevOZuNODpEJJYAe$4Yc8LHb6Km2n1qztd/6PpltIZ9lSEOoZGgQJL+D9vWk=",
        "last_login": null,
        "is_superuser": false,
        "username": "Xannabe",
        "first_name": "",
        "last_name": "",
        "email": "",
        "is_staff": false,
        "is_active": true,
        "date_joined": "2024-05-19T16:49:26.059Z",
        "groups": [],
        "user_permissions": []
    }
},
{
    "model": "auth.user",
    "pk": 6,
    "fields": {
        "password": "pbkdf2_sha256$600000$1w0AXErGT0FnQsn3S9YZpn$Ky9Gnxa1QWPmSckdVrKr698No7qnrge1RPWsBOZeiMo=",
        "last_login": "2024-05-19T17:04:37.284Z",
        "is_superuser": false,
        "username": "Vendy",
        "first_name": "",
        "last_name": "",
        "email": "",
        "is_staff": false,
        "is_active": true,
        "date_joined": "2024-05-19T16:49:45.394Z",
        "groups": [],
        "user_permissions": []
    }
},
{
    "model": "auth.user",
    "pk": 7,
    "fields": {
        "password": "pbkdf2_sha256$600000$LXubTwRNOxtZEF8UguOJCK$46LhuGLygH+GksUE8eOlA1sLQW53C23epNvW86XcEXs=",
        "last_login": null,
        "is_superuser": false,
        "username": "Eymonza",
        "first_name": "",
        "last_name": "",
        "email": "",
        "is_staff": false,
        "is_active": true,
        "date_joined": "2024-05-19T16:49:53.324Z",
        "groups": [],
        "user_permissions": []
    }
},
{
    "model": "auth.user",
    "pk": 8,
    "fields": {
        "password": "pbkdf2_sha256$600000$uwGxIjkipwPlHlSJyehME4$imhlaWoflf8lR6HA239URcupB/TD+crwyPT4FP/bAZw=",
        "last_login": null,
        "is_superuser": false,
        "username": "Quardo",
        "first_name": "",
        "last_name": "",
        "email": "",
        "is_staff": false,
        "is_active": true,
        "date_joined": "2024-05-19T16:50:06.839Z",
        "groups": [],
        "user_permissions": []
    }
},
{
    "model": "auth.user",
    "pk": 9,
    "fields": {
        "password": "pbkdf2_sha256$600000$e0RMEEkjfUifcgqUBFl3vZ$gIrw8Z1GmRI5ayLnncEV3X2AKz9tFLqT1ANNnmHVgRo=",
        "last_login": "2024-05-19T17:07:53.527Z",
        "is_superuser": false,
        "username": "Ezekelse",
        "first_name": "",
        "last_name": "",
        "email": "",
        "is_staff": false,
        "is_active": true,
        "date_joined": "2024-05-19T16:50:25.436Z",
        "groups": [],
        "user_permissions": []
    }
},
{
    "model": "auth.user",
    "pk": 10,
    "fields": {
        "password": "pbkdf2_sha256$600000$wqW8UAsgSknwoSpvCca62K$lkvANAmheaWLBByX2MFLrcdOUeSjCvEQKe2kh1J+xKE=",
        "last_login": null,
        "is_superuser": false,
        "username": "Lise",
        "first_name": "",
        "last_name": "",
        "email": "",
        "is_staff": false,
        "is_active": true,
        "date_joined": "2024-05-19T16:50:34.149Z",
        "groups": [],
        "user_permissions": []
    }
},
{
    "model": "contenttypes.contenttype",
    "pk": 1,
    "fields": {
        "app_label": "admin",
        "model": "logentry"
    }
},
{
    "model": "contenttypes.contenttype",
    "pk": 2,
    "fields": {
        "app_label": "auth",
        "model": "permission"
    }
},
{
    "model": "contenttypes.contenttype",
    "pk": 3,
    "fields": {
        "app_label": "auth",
        "model": "group"
    }
},
{
    "model": "contenttypes.contenttype",
    "pk": 4,
    "fields": {
        "app_label": "auth",
        "model": "user"
    }
},
{
    "model": "contenttypes.contenttype",
    "pk": 5,
    "fields": {
        "app_label": "contenttypes",
        "model": "contenttype"
    }
},
{
    "model": "contenttypes.contenttype",
    "pk": 6,
    "fields": {
        "app_label": "sessions",
        "model": "session"
    }
},
{
    "model": "contenttypes.contenttype",
    "pk": 7,
    "fields": {
        "app_label": "userprofile",
        "model": "userprofile"
    }
},
{
    "model": "contenttypes.contenttype",
    "pk": 8,
    "fields": {
        "app_label": "prospectiveclient",
        "model": "prospectiveclient"
    }
},
{
    "model": "contenttypes.contenttype",
    "pk": 9,
    "fields": {
        "app_label": "prospectiveclient",
        "model": "comment"
    }
},
{
    "model": "contenttypes.contenttype",
    "pk": 10,
    "fields": {
        "app_label": "prospectiveclient",
        "model": "prospectiveclientfile"
    }
},
{
    "model": "contenttypes.contenttype",
    "pk": 11,
    "fields": {
        "app_label": "client",
        "model": "client"
    }
},
{
    "model": "contenttypes.contenttype",
    "pk": 12,
    "fields": {
        "app_label": "client",
        "model": "comment"
    }
},
{
    "model": "contenttypes.contenttype",
    "pk": 13,
    "fields": {
        "app_label": "client",
        "model": "clientfile"
    }
},
{
    "model": "contenttypes.contenttype",
    "pk": 14,
    "fields": {
        "app_label": "team",
        "model": "team"
    }
},
{
    "model": "contenttypes.contenttype",
    "pk": 15,
    "fields": {
        "app_label": "team",
        "model": "clientteamaccess"
    }
},
{
    "model": "sessions.session",
    "pk": "pda4czqmloot9prpe3iy691tqbg3wnbd",
    "fields": {
        "session_data": ".eJxVjMsOwiAURP-FtSGUNy7d-w3k3gtI1dCktCvjvytJF7qcOWfmxSLsW417z2ucEzuzwE6_HQI9chsg3aHdFk5L29YZ-VD4QTu_Lik_L4f7d1Ch1--aFHqREDVawGJgZCQohcDLAKCctt5KLxOILAhMCFqpqQhrJmedZO8PIpo4WQ:1s8k0n:CvOje_F5MNbWcmH65hLgnOMxl5FYeB4V5d8_1wsf0Lo",
        "expire_date": "2024-06-02T17:07:53.529Z"
    }
},
{
    "model": "userprofile.userprofile",
    "pk": 1,
    "fields": {
        "user": 1,
        "active_team": 1
    }
},
{
    "model": "userprofile.userprofile",
    "pk": 2,
    "fields": {
        "user": 7,
        "active_team": 2
    }
},
{
    "model": "userprofile.userprofile",
    "pk": 3,
    "fields": {
        "user": 9,
        "active_team": 2
    }
},
{
    "model": "userprofile.userprofile",
    "pk": 4,
    "fields": {
        "user": 3,
        "active_team": 2
    }
},
{
    "model": "userprofile.userprofile",
    "pk": 5,
    "fields": {
        "user": 10,
        "active_team": 3
    }
},
{
    "model": "userprofile.userprofile",
    "pk": 6,
    "fields": {
        "user": 8,
        "active_team": 3
    }
},
{
    "model": "userprofile.userprofile",
    "pk": 7,
    "fields": {
        "user": 4,
        "active_team": 3
    }
},
{
    "model": "userprofile.userprofile",
    "pk": 8,
    "fields": {
        "user": 2,
        "active_team": 4
    }
},
{
    "model": "userprofile.userprofile",
    "pk": 9,
    "fields": {
        "user": 6,
        "active_team": 1
    }
},
{
    "model": "userprofile.userprofile",
    "pk": 10,
    "fields": {
        "user": 5,
        "active_team": 4
    }
},
{
    "model": "prospectiveclient.prospectiveclient",
    "pk": 1,
    "fields": {
        "team": 1,
        "name": "Yrondo",
        "email": "Yrondo@example.com",
        "description": "123",
        "status": "В работе",
        "priority": "Низкий приоритет",
        "converted_to_client": true,
        "created_by": 1,
        "created_at": "2024-05-19T16:55:42.858Z",
        "modified_at": "2024-05-19T16:56:58.001Z"
    }
},
{
    "model": "prospectiveclient.prospectiveclient",
    "pk": 2,
    "fields": {
        "team": 1,
        "name": "Venicaha",
        "email": "Venicaha@example.com",
        "description": "1234",
        "status": "В работе",
        "priority": "Средний приоритет",
        "converted_to_client": false,
        "created_by": 1,
        "created_at": "2024-05-19T16:56:05.132Z",
        "modified_at": "2024-05-19T16:56:05.132Z"
    }
},
{
    "model": "prospectiveclient.prospectiveclient",
    "pk": 3,
    "fields": {
        "team": 1,
        "name": "Nelse",
        "email": "example@mail.com",
        "description": "123456",
        "status": "Новый клиент",
        "priority": "Средний приоритет",
        "converted_to_client": false,
        "created_by": 1,
        "created_at": "2024-05-19T16:56:16.011Z",
        "modified_at": "2024-05-19T16:56:16.011Z"
    }
},
{
    "model": "prospectiveclient.prospectiveclient",
    "pk": 4,
    "fields": {
        "team": 1,
        "name": "Ustav",
        "email": "example@mail.com",
        "description": "Ustav",
        "status": "Упущен",
        "priority": "Высокий приоритет",
        "converted_to_client": false,
        "created_by": 1,
        "created_at": "2024-05-19T16:56:29.681Z",
        "modified_at": "2024-05-19T16:56:29.681Z"
    }
},
{
    "model": "prospectiveclient.prospectiveclient",
    "pk": 5,
    "fields": {
        "team": 1,
        "name": "Brigit",
        "email": "example@mail.com",
        "description": "Brigit",
        "status": "В работе",
        "priority": "Высокий приоритет",
        "converted_to_client": false,
        "created_by": 1,
        "created_at": "2024-05-19T16:56:44.506Z",
        "modified_at": "2024-05-19T16:57:22.208Z"
    }
},
{
    "model": "prospectiveclient.prospectiveclient",
    "pk": 6,
    "fields": {
        "team": 1,
        "name": "Ghide",
        "email": "example@mail.com",
        "description": "222222",
        "status": "Новый клиент",
        "priority": "Высокий приоритет",
        "converted_to_client": false,
        "created_by": 1,
        "created_at": "2024-05-19T16:56:55.113Z",
        "modified_at": "2024-05-19T16:56:55.113Z"
    }
},
{
    "model": "prospectiveclient.prospectiveclient",
    "pk": 7,
    "fields": {
        "team": 1,
        "name": "Masanj",
        "email": "example@mail.com",
        "description": "Masanj",
        "status": "Новый клиент",
        "priority": "Средний приоритет",
        "converted_to_client": false,
        "created_by": 1,
        "created_at": "2024-05-19T16:57:34.995Z",
        "modified_at": "2024-05-19T16:57:34.995Z"
    }
},
{
    "model": "prospectiveclient.prospectiveclient",
    "pk": 8,
    "fields": {
        "team": 2,
        "name": "Caroni",
        "email": "example@mail.com",
        "description": "Caroni",
        "status": "Упущен",
        "priority": "Средний приоритет",
        "converted_to_client": false,
        "created_by": 1,
        "created_at": "2024-05-19T16:59:03.536Z",
        "modified_at": "2024-05-19T16:59:03.536Z"
    }
},
{
    "model": "prospectiveclient.prospectiveclient",
    "pk": 9,
    "fields": {
        "team": 2,
        "name": "Eddanner",
        "email": "example@mail.com",
        "description": "vEddanner",
        "status": "Новый клиент",
        "priority": "Низкий приоритет",
        "converted_to_client": false,
        "created_by": 1,
        "created_at": "2024-05-19T16:59:13.610Z",
        "modified_at": "2024-05-19T16:59:13.610Z"
    }
},
{
    "model": "prospectiveclient.prospectiveclient",
    "pk": 10,
    "fields": {
        "team": 2,
        "name": "Eddanner",
        "email": "example@mail.com",
        "description": "Eddanner",
        "status": "Уже связались",
        "priority": "Средний приоритет",
        "converted_to_client": false,
        "created_by": 1,
        "created_at": "2024-05-19T16:59:24.148Z",
        "modified_at": "2024-05-19T16:59:24.148Z"
    }
},
{
    "model": "prospectiveclient.prospectiveclient",
    "pk": 11,
    "fields": {
        "team": 3,
        "name": "Fanchol",
        "email": "example@mail.com",
        "description": "",
        "status": "Новый клиент",
        "priority": "Средний приоритет",
        "converted_to_client": false,
        "created_by": 1,
        "created_at": "2024-05-19T16:59:59.873Z",
        "modified_at": "2024-05-19T16:59:59.873Z"
    }
},
{
    "model": "prospectiveclient.prospectiveclient",
    "pk": 12,
    "fields": {
        "team": 3,
        "name": "Prentoni",
        "email": "example32323@mail.com",
        "description": "",
        "status": "Новый клиент",
        "priority": "Средний приоритет",
        "converted_to_client": false,
        "created_by": 1,
        "created_at": "2024-05-19T17:00:07.510Z",
        "modified_at": "2024-05-19T17:00:07.510Z"
    }
},
{
    "model": "prospectiveclient.prospectiveclient",
    "pk": 13,
    "fields": {
        "team": 4,
        "name": "Eryllisa",
        "email": "example@mail.com",
        "description": "Eryllisa",
        "status": "Новый клиент",
        "priority": "Средний приоритет",
        "converted_to_client": true,
        "created_by": 1,
        "created_at": "2024-05-19T17:00:29.755Z",
        "modified_at": "2024-05-19T17:00:31.980Z"
    }
},
{
    "model": "prospectiveclient.prospectiveclient",
    "pk": 14,
    "fields": {
        "team": 4,
        "name": "Anish",
        "email": "example@mail.com",
        "description": "ds",
        "status": "Новый клиент",
        "priority": "Средний приоритет",
        "converted_to_client": false,
        "created_by": 1,
        "created_at": "2024-05-19T17:00:41.676Z",
        "modified_at": "2024-05-19T17:00:41.676Z"
    }
},
{
    "model": "prospectiveclient.comment",
    "pk": 1,
    "fields": {
        "team": 1,
        "prospectiveclient": 6,
        "content": "SSSS",
        "created_by": 1,
        "created_at": "2024-05-19T16:57:04.751Z"
    }
},
{
    "model": "prospectiveclient.comment",
    "pk": 2,
    "fields": {
        "team": 1,
        "prospectiveclient": 6,
        "content": "FFFF",
        "created_by": 1,
        "created_at": "2024-05-19T16:57:07.243Z"
    }
},
{
    "model": "prospectiveclient.comment",
    "pk": 3,
    "fields": {
        "team": 1,
        "prospectiveclient": 5,
        "content": "SSS",
        "created_by": 1,
        "created_at": "2024-05-19T16:57:11.886Z"
    }
},
{
    "model": "prospectiveclient.comment",
    "pk": 4,
    "fields": {
        "team": 1,
        "prospectiveclient": 5,
        "content": "FFFF",
        "created_by": 1,
        "created_at": "2024-05-19T16:57:14.104Z"
    }
},
{
    "model": "client.client",
    "pk": 1,
    "fields": {
        "team": 1,
        "name": "Yrondo",
        "email": "Yrondo@example.com",
        "description": "123",
        "created_by": 1,
        "created_at": "2024-05-19T16:56:57.995Z",
        "modified_at": "2024-05-19T16:56:57.995Z"
    }
},
{
    "model": "client.client",
    "pk": 2,
    "fields": {
        "team": 1,
        "name": "Konatani",
        "email": "example@mail.com",
        "description": "Konatani",
        "created_by": 1,
        "created_at": "2024-05-19T16:57:46.423Z",
        "modified_at": "2024-05-19T16:57:46.423Z"
    }
},
{
    "model": "client.client",
    "pk": 3,
    "fields": {
        "team": 1,
        "name": "Ttele",
        "email": "example@mail.com",
        "description": "Ttele",
        "created_by": 1,
        "created_at": "2024-05-19T16:57:52.747Z",
        "modified_at": "2024-05-19T16:57:52.747Z"
    }
},
{
    "model": "client.client",
    "pk": 4,
    "fields": {
        "team": 1,
        "name": "Faristo",
        "email": "example@mail.com",
        "description": "Faristo",
        "created_by": 1,
        "created_at": "2024-05-19T16:58:01.301Z",
        "modified_at": "2024-05-19T16:58:01.301Z"
    }
},
{
    "model": "client.client",
    "pk": 5,
    "fields": {
        "team": 1,
        "name": "Kolt",
        "email": "example@mail.com",
        "description": "Kolt",
        "created_by": 1,
        "created_at": "2024-05-19T16:58:10.194Z",
        "modified_at": "2024-05-19T16:58:10.194Z"
    }
},
{
    "model": "client.client",
    "pk": 6,
    "fields": {
        "team": 1,
        "name": "Anagh",
        "email": "example@mail.com",
        "description": "Anagh",
        "created_by": 1,
        "created_at": "2024-05-19T16:58:18.828Z",
        "modified_at": "2024-05-19T16:58:18.828Z"
    }
},
{
    "model": "client.client",
    "pk": 7,
    "fields": {
        "team": 2,
        "name": "Eddanner",
        "email": "example@mail.com",
        "description": "Eddanner",
        "created_by": 1,
        "created_at": "2024-05-19T16:59:30.729Z",
        "modified_at": "2024-05-19T16:59:30.729Z"
    }
},
{
    "model": "client.client",
    "pk": 8,
    "fields": {
        "team": 2,
        "name": "Ylineth",
        "email": "example@mail.com",
        "description": "Ylineth",
        "created_by": 1,
        "created_at": "2024-05-19T16:59:38.936Z",
        "modified_at": "2024-05-19T16:59:38.936Z"
    }
},
{
    "model": "client.client",
    "pk": 9,
    "fields": {
        "team": 3,
        "name": "Prentoni",
        "email": "example32323@mail.com",
        "description": "Prentoni",
        "created_by": 1,
        "created_at": "2024-05-19T17:00:13.711Z",
        "modified_at": "2024-05-19T17:00:13.711Z"
    }
},
{
    "model": "client.client",
    "pk": 10,
    "fields": {
        "team": 4,
        "name": "Eryllisa",
        "email": "example@mail.com",
        "description": "Eryllisa",
        "created_by": 1,
        "created_at": "2024-05-19T17:00:31.977Z",
        "modified_at": "2024-05-19T17:00:31.977Z"
    }
},
{
    "model": "team.clientteamaccess",
    "pk": 1,
    "fields": {
        "name": "100",
        "description": "100 доступных клиентов",
        "max_prospective_clients": 50,
        "max_clients": 50
    }
},
{
    "model": "team.clientteamaccess",
    "pk": 2,
    "fields": {
        "name": "500",
        "description": "500 доступных клиентов",
        "max_prospective_clients": 250,
        "max_clients": 250
    }
},
{
    "model": "team.clientteamaccess",
    "pk": 3,
    "fields": {
        "name": "1000",
        "description": "1000 доступных клиентов",
        "max_prospective_clients": 500,
        "max_clients": 500
    }
},
{
    "model": "team.team",
    "pk": 1,
    "fields": {
        "client_team_access": 2,
        "name": "root team",
        "created_by": 1,
        "created_at": "2024-05-19T17:02:41.125Z",
        "members": [
            1,
            2,
            3,
            4,
            5,
            6,
            7,
            8,
            9,
            10
        ]
    }
},
{
    "model": "team.team",
    "pk": 2,
    "fields": {
        "client_team_access": 1,
        "name": "team 100 members",
        "created_by": 7,
        "created_at": "2024-05-19T16:54:36.151Z",
        "members": [
            1,
            3,
            7,
            9
        ]
    }
},
{
    "model": "team.team",
    "pk": 3,
    "fields": {
        "client_team_access": 2,
        "name": "Team 500 members",
        "created_by": 10,
        "created_at": "2024-05-19T16:54:39.598Z",
        "members": [
            1,
            4,
            8,
            10
        ]
    }
},
{
    "model": "team.team",
    "pk": 4,
    "fields": {
        "client_team_access": 3,
        "name": "Team 1000 members",
        "created_by": 5,
        "created_at": "2024-05-19T16:54:44.229Z",
        "members": [
            1,
            2,
            5,
            6
        ]
    }
}
]
